<?xml version="1.0" encoding="UTF-8"?>
<gnm:Workbook xmlns:gnm="http://www.gnumeric.org/v10.dtd" xmlns:xsi="http://www.w3.org/2001/XMLSchema-instance" xsi:schemaLocation="http://www.gnumeric.org/v9.xsd">
  <gnm:Version Epoch="1" Major="12" Minor="23" Full="1.12.23"/>
  <gnm:Attributes>
    <gnm:Attribute>
      <gnm:name>WorkbookView::show_horizontal_scrollbar</gnm:name>
      <gnm:value>TRUE</gnm:value>
    </gnm:Attribute>
    <gnm:Attribute>
      <gnm:name>WorkbookView::show_vertical_scrollbar</gnm:name>
      <gnm:value>TRUE</gnm:value>
    </gnm:Attribute>
    <gnm:Attribute>
      <gnm:name>WorkbookView::show_notebook_tabs</gnm:name>
      <gnm:value>TRUE</gnm:value>
    </gnm:Attribute>
    <gnm:Attribute>
      <gnm:name>WorkbookView::do_auto_completion</gnm:name>
      <gnm:value>TRUE</gnm:value>
    </gnm:Attribute>
    <gnm:Attribute>
      <gnm:name>WorkbookView::is_protected</gnm:name>
      <gnm:value>FALSE</gnm:value>
    </gnm:Attribute>
  </gnm:Attributes>
  <office:document-meta xmlns:office="urn:oasis:names:tc:opendocument:xmlns:office:1.0" xmlns:xlink="http://www.w3.org/1999/xlink" xmlns:dc="http://purl.org/dc/elements/1.1/" xmlns:meta="urn:oasis:names:tc:opendocument:xmlns:meta:1.0" xmlns:ooo="http://openoffice.org/2004/office" office:version="1.2">
    <office:meta>
      <dc:date>2016-01-01T21:31:33Z</dc:date>
      <meta:creation-date>2016-01-01T21:18:05Z</meta:creation-date>
    </office:meta>
  </office:document-meta>
  <gnm:Calculation ManualRecalc="0" EnableIteration="1" MaxIterations="100" IterationTolerance="0.001" FloatRadix="2" FloatDigits="53"/>
  <gnm:SheetNameIndex>
    <gnm:SheetName gnm:Cols="256" gnm:Rows="65536">Sheet1</gnm:SheetName>
    <gnm:SheetName gnm:Cols="256" gnm:Rows="65536">Sheet2</gnm:SheetName>
    <gnm:SheetName gnm:Cols="256" gnm:Rows="65536">Sheet3</gnm:SheetName>
  </gnm:SheetNameIndex>
  <gnm:Geometry Width="1024" Height="338"/>
  <gnm:Sheets>
    <gnm:Sheet DisplayFormulas="0" HideZero="0" HideGrid="0" HideColHeader="0" HideRowHeader="0" DisplayOutlines="1" OutlineSymbolsBelow="1" OutlineSymbolsRight="1" Visibility="GNM_SHEET_VISIBILITY_VISIBLE" GridColor="0:0:0">
      <gnm:Name>Sheet1</gnm:Name>
      <gnm:MaxCol>1</gnm:MaxCol>
      <gnm:MaxRow>29</gnm:MaxRow>
      <gnm:Zoom>1</gnm:Zoom>
      <gnm:Names>
        <gnm:Name>
          <gnm:name>Print_Area</gnm:name>
          <gnm:value>#REF!</gnm:value>
          <gnm:position>A1</gnm:position>
        </gnm:Name>
        <gnm:Name>
          <gnm:name>Sheet_Title</gnm:name>
          <gnm:value>&quot;Sheet1&quot;</gnm:value>
          <gnm:position>A1</gnm:position>
        </gnm:Name>
      </gnm:Names>
      <gnm:PrintInformation>
        <gnm:Margins>
          <gnm:top Points="120" PrefUnit="mm"/>
          <gnm:bottom Points="120" PrefUnit="mm"/>
          <gnm:left Points="72" PrefUnit="mm"/>
          <gnm:right Points="72" PrefUnit="mm"/>
          <gnm:header Points="72" PrefUnit="mm"/>
          <gnm:footer Points="72" PrefUnit="mm"/>
        </gnm:Margins>
        <gnm:Scale type="percentage" percentage="100"/>
        <gnm:vcenter value="0"/>
        <gnm:hcenter value="0"/>
        <gnm:grid value="0"/>
        <gnm:even_if_only_styles value="0"/>
        <gnm:monochrome value="0"/>
        <gnm:draft value="0"/>
        <gnm:titles value="0"/>
        <gnm:do_not_print value="0"/>
        <gnm:print_range value="GNM_PRINT_ACTIVE_SHEET"/>
        <gnm:order>d_then_r</gnm:order>
        <gnm:orientation>portrait</gnm:orientation>
        <gnm:Header Left="" Middle="&amp;[TAB]" Right=""/>
        <gnm:Footer Left="" Middle="Page &amp;[PAGE]" Right=""/>
        <gnm:paper>iso_a4</gnm:paper>
        <gnm:comments placement="GNM_PRINT_COMMENTS_IN_PLACE"/>
        <gnm:errors PrintErrorsAs="GNM_PRINT_ERRORS_AS_DISPLAYED"/>
      </gnm:PrintInformation>
      <gnm:Styles>
        <gnm:StyleRegion startCol="0" startRow="0" endCol="0" endRow="2">
          <gnm:Style HAlign="GNM_HALIGN_GENERAL" VAlign="GNM_VALIGN_BOTTOM" WrapText="0" ShrinkToFit="0" Rotation="0" Shade="0" Indent="0" Locked="1" Hidden="0" Fore="0:0:0" Back="FFFF:FFFF:FFFF" PatternColor="0:0:0" Format="General">
            <gnm:Font Unit="10" Bold="0" Italic="0" Underline="0" StrikeThrough="0" Script="0">Sans</gnm:Font>
            <gnm:StyleBorder>
              <gnm:Top Style="1" Color="0:0:0"/>
              <gnm:Left Style="1" Color="0:0:0"/>
            </gnm:StyleBorder>
          </gnm:Style>
        </gnm:StyleRegion>
        <gnm:StyleRegion startCol="0" startRow="3" endCol="0" endRow="3">
          <gnm:Style HAlign="GNM_HALIGN_GENERAL" VAlign="GNM_VALIGN_BOTTOM" WrapText="0" ShrinkToFit="0" Rotation="0" Shade="0" Indent="0" Locked="1" Hidden="0" Fore="0:0:0" Back="FFFF:FFFF:FFFF" PatternColor="0:0:0" Format="General">
            <gnm:Font Unit="10" Bold="0" Italic="0" Underline="0" StrikeThrough="0" Script="0">Sans</gnm:Font>
            <gnm:StyleBorder>
              <gnm:Top Style="1" Color="0:0:0"/>
              <gnm:Bottom Style="1" Color="0:0:0"/>
              <gnm:Left Style="1" Color="0:0:0"/>
            </gnm:StyleBorder>
          </gnm:Style>
        </gnm:StyleRegion>
        <gnm:StyleRegion startCol="0" startRow="4" endCol="255" endRow="4">
          <gnm:Style HAlign="GNM_HALIGN_GENERAL" VAlign="GNM_VALIGN_BOTTOM" WrapText="0" ShrinkToFit="0" Rotation="0" Shade="0" Indent="0" Locked="1" Hidden="0" Fore="0:0:0" Back="FFFF:FFFF:FFFF" PatternColor="0:0:0" Format="General">
            <gnm:Font Unit="10" Bold="0" Italic="0" Underline="0" StrikeThrough="0" Script="0">Sans</gnm:Font>
          </gnm:Style>
        </gnm:StyleRegion>
        <gnm:StyleRegion startCol="0" startRow="5" endCol="0" endRow="7">
          <gnm:Style HAlign="GNM_HALIGN_GENERAL" VAlign="GNM_VALIGN_BOTTOM" WrapText="0" ShrinkToFit="0" Rotation="0" Shade="0" Indent="0" Locked="1" Hidden="0" Fore="0:0:0" Back="FFFF:FFFF:FFFF" PatternColor="0:0:0" Format="General">
            <gnm:Font Unit="10" Bold="0" Italic="0" Underline="0" StrikeThrough="0" Script="0">Sans</gnm:Font>
            <gnm:StyleBorder>
              <gnm:Top Style="1" Color="0:0:0"/>
              <gnm:Left Style="1" Color="0:0:0"/>
            </gnm:StyleBorder>
          </gnm:Style>
        </gnm:StyleRegion>
        <gnm:StyleRegion startCol="0" startRow="8" endCol="0" endRow="8">
          <gnm:Style HAlign="GNM_HALIGN_GENERAL" VAlign="GNM_VALIGN_BOTTOM" WrapText="0" ShrinkToFit="0" Rotation="0" Shade="0" Indent="0" Locked="1" Hidden="0" Fore="0:0:0" Back="FFFF:FFFF:FFFF" PatternColor="0:0:0" Format="General">
            <gnm:Font Unit="10" Bold="0" Italic="0" Underline="0" StrikeThrough="0" Script="0">Sans</gnm:Font>
            <gnm:StyleBorder>
              <gnm:Top Style="1" Color="0:0:0"/>
              <gnm:Bottom Style="1" Color="0:0:0"/>
              <gnm:Left Style="1" Color="0:0:0"/>
            </gnm:StyleBorder>
          </gnm:Style>
        </gnm:StyleRegion>
        <gnm:StyleRegion startCol="0" startRow="9" endCol="255" endRow="9">
          <gnm:Style HAlign="GNM_HALIGN_GENERAL" VAlign="GNM_VALIGN_BOTTOM" WrapText="0" ShrinkToFit="0" Rotation="0" Shade="0" Indent="0" Locked="1" Hidden="0" Fore="0:0:0" Back="FFFF:FFFF:FFFF" PatternColor="0:0:0" Format="General">
            <gnm:Font Unit="10" Bold="0" Italic="0" Underline="0" StrikeThrough="0" Script="0">Sans</gnm:Font>
          </gnm:Style>
        </gnm:StyleRegion>
        <gnm:StyleRegion startCol="0" startRow="10" endCol="0" endRow="13">
          <gnm:Style HAlign="GNM_HALIGN_GENERAL" VAlign="GNM_VALIGN_BOTTOM" WrapText="0" ShrinkToFit="0" Rotation="0" Shade="0" Indent="0" Locked="1" Hidden="0" Fore="0:0:0" Back="FFFF:FFFF:FFFF" PatternColor="0:0:0" Format="General">
            <gnm:Font Unit="10" Bold="0" Italic="0" Underline="0" StrikeThrough="0" Script="0">Sans</gnm:Font>
            <gnm:StyleBorder>
              <gnm:Top Style="1" Color="0:0:0"/>
              <gnm:Left Style="1" Color="0:0:0"/>
            </gnm:StyleBorder>
          </gnm:Style>
        </gnm:StyleRegion>
        <gnm:StyleRegion startCol="0" startRow="14" endCol="0" endRow="14">
          <gnm:Style HAlign="GNM_HALIGN_GENERAL" VAlign="GNM_VALIGN_BOTTOM" WrapText="0" ShrinkToFit="0" Rotation="0" Shade="0" Indent="0" Locked="1" Hidden="0" Fore="0:0:0" Back="FFFF:FFFF:FFFF" PatternColor="0:0:0" Format="General">
            <gnm:Font Unit="10" Bold="0" Italic="0" Underline="0" StrikeThrough="0" Script="0">Sans</gnm:Font>
            <gnm:StyleBorder>
              <gnm:Top Style="1" Color="0:0:0"/>
              <gnm:Bottom Style="1" Color="0:0:0"/>
              <gnm:Left Style="1" Color="0:0:0"/>
            </gnm:StyleBorder>
          </gnm:Style>
        </gnm:StyleRegion>
        <gnm:StyleRegion startCol="0" startRow="15" endCol="255" endRow="15">
          <gnm:Style HAlign="GNM_HALIGN_GENERAL" VAlign="GNM_VALIGN_BOTTOM" WrapText="0" ShrinkToFit="0" Rotation="0" Shade="0" Indent="0" Locked="1" Hidden="0" Fore="0:0:0" Back="FFFF:FFFF:FFFF" PatternColor="0:0:0" Format="General">
            <gnm:Font Unit="10" Bold="0" Italic="0" Underline="0" StrikeThrough="0" Script="0">Sans</gnm:Font>
          </gnm:Style>
        </gnm:StyleRegion>
        <gnm:StyleRegion startCol="0" startRow="16" endCol="0" endRow="17">
          <gnm:Style HAlign="GNM_HALIGN_GENERAL" VAlign="GNM_VALIGN_BOTTOM" WrapText="0" ShrinkToFit="0" Rotation="0" Shade="0" Indent="0" Locked="1" Hidden="0" Fore="0:0:0" Back="FFFF:FFFF:FFFF" PatternColor="0:0:0" Format="General">
            <gnm:Font Unit="10" Bold="0" Italic="0" Underline="0" StrikeThrough="0" Script="0">Sans</gnm:Font>
            <gnm:StyleBorder>
              <gnm:Top Style="1" Color="0:0:0"/>
              <gnm:Left Style="1" Color="0:0:0"/>
            </gnm:StyleBorder>
          </gnm:Style>
        </gnm:StyleRegion>
        <gnm:StyleRegion startCol="0" startRow="18" endCol="0" endRow="18">
          <gnm:Style HAlign="GNM_HALIGN_GENERAL" VAlign="GNM_VALIGN_BOTTOM" WrapText="0" ShrinkToFit="0" Rotation="0" Shade="0" Indent="0" Locked="1" Hidden="0" Fore="0:0:0" Back="FFFF:FFFF:FFFF" PatternColor="0:0:0" Format="General">
            <gnm:Font Unit="10" Bold="0" Italic="0" Underline="0" StrikeThrough="0" Script="0">Sans</gnm:Font>
            <gnm:StyleBorder>
              <gnm:Top Style="1" Color="0:0:0"/>
              <gnm:Bottom Style="1" Color="0:0:0"/>
              <gnm:Left Style="1" Color="0:0:0"/>
            </gnm:StyleBorder>
          </gnm:Style>
        </gnm:StyleRegion>
        <gnm:StyleRegion startCol="0" startRow="19" endCol="255" endRow="19">
          <gnm:Style HAlign="GNM_HALIGN_GENERAL" VAlign="GNM_VALIGN_BOTTOM" WrapText="0" ShrinkToFit="0" Rotation="0" Shade="0" Indent="0" Locked="1" Hidden="0" Fore="0:0:0" Back="FFFF:FFFF:FFFF" PatternColor="0:0:0" Format="General">
            <gnm:Font Unit="10" Bold="0" Italic="0" Underline="0" StrikeThrough="0" Script="0">Sans</gnm:Font>
          </gnm:Style>
        </gnm:StyleRegion>
        <gnm:StyleRegion startCol="0" startRow="20" endCol="0" endRow="28">
          <gnm:Style HAlign="GNM_HALIGN_GENERAL" VAlign="GNM_VALIGN_BOTTOM" WrapText="0" ShrinkToFit="0" Rotation="0" Shade="0" Indent="0" Locked="1" Hidden="0" Fore="0:0:0" Back="FFFF:FFFF:FFFF" PatternColor="0:0:0" Format="General">
            <gnm:Font Unit="10" Bold="0" Italic="0" Underline="0" StrikeThrough="0" Script="0">Sans</gnm:Font>
            <gnm:StyleBorder>
              <gnm:Top Style="1" Color="0:0:0"/>
              <gnm:Left Style="1" Color="0:0:0"/>
            </gnm:StyleBorder>
          </gnm:Style>
        </gnm:StyleRegion>
        <gnm:StyleRegion startCol="0" startRow="29" endCol="0" endRow="29">
          <gnm:Style HAlign="GNM_HALIGN_GENERAL" VAlign="GNM_VALIGN_BOTTOM" WrapText="0" ShrinkToFit="0" Rotation="0" Shade="0" Indent="0" Locked="1" Hidden="0" Fore="0:0:0" Back="FFFF:FFFF:FFFF" PatternColor="0:0:0" Format="General">
            <gnm:Font Unit="10" Bold="0" Italic="0" Underline="0" StrikeThrough="0" Script="0">Sans</gnm:Font>
            <gnm:StyleBorder>
              <gnm:Top Style="1" Color="0:0:0"/>
              <gnm:Bottom Style="1" Color="0:0:0"/>
              <gnm:Left Style="1" Color="0:0:0"/>
            </gnm:StyleBorder>
          </gnm:Style>
        </gnm:StyleRegion>
        <gnm:StyleRegion startCol="0" startRow="30" endCol="255" endRow="65535">
          <gnm:Style HAlign="GNM_HALIGN_GENERAL" VAlign="GNM_VALIGN_BOTTOM" WrapText="0" ShrinkToFit="0" Rotation="0" Shade="0" Indent="0" Locked="1" Hidden="0" Fore="0:0:0" Back="FFFF:FFFF:FFFF" PatternColor="0:0:0" Format="General">
            <gnm:Font Unit="10" Bold="0" Italic="0" Underline="0" StrikeThrough="0" Script="0">Sans</gnm:Font>
          </gnm:Style>
        </gnm:StyleRegion>
        <gnm:StyleRegion startCol="1" startRow="0" endCol="1" endRow="2">
          <gnm:Style HAlign="GNM_HALIGN_GENERAL" VAlign="GNM_VALIGN_BOTTOM" WrapText="0" ShrinkToFit="0" Rotation="0" Shade="0" Indent="0" Locked="1" Hidden="0" Fore="0:0:0" Back="FFFF:FFFF:FFFF" PatternColor="0:0:0" Format="General">
            <gnm:Font Unit="10" Bold="0" Italic="0" Underline="0" StrikeThrough="0" Script="0">Sans</gnm:Font>
            <gnm:StyleBorder>
              <gnm:Top Style="1" Color="0:0:0"/>
              <gnm:Left Style="1" Color="0:0:0"/>
              <gnm:Right Style="1" Color="0:0:0"/>
            </gnm:StyleBorder>
          </gnm:Style>
        </gnm:StyleRegion>
        <gnm:StyleRegion startCol="1" startRow="3" endCol="1" endRow="3">
          <gnm:Style HAlign="GNM_HALIGN_GENERAL" VAlign="GNM_VALIGN_BOTTOM" WrapText="0" ShrinkToFit="0" Rotation="0" Shade="0" Indent="0" Locked="1" Hidden="0" Fore="0:0:0" Back="FFFF:FFFF:FFFF" PatternColor="0:0:0" Format="General">
            <gnm:Font Unit="10" Bold="0" Italic="0" Underline="0" StrikeThrough="0" Script="0">Sans</gnm:Font>
            <gnm:StyleBorder>
              <gnm:Top Style="1" Color="0:0:0"/>
              <gnm:Bottom Style="1" Color="0:0:0"/>
              <gnm:Left Style="1" Color="0:0:0"/>
              <gnm:Right Style="1" Color="0:0:0"/>
            </gnm:StyleBorder>
          </gnm:Style>
        </gnm:StyleRegion>
        <gnm:StyleRegion startCol="1" startRow="5" endCol="1" endRow="7">
          <gnm:Style HAlign="GNM_HALIGN_GENERAL" VAlign="GNM_VALIGN_BOTTOM" WrapText="0" ShrinkToFit="0" Rotation="0" Shade="0" Indent="0" Locked="1" Hidden="0" Fore="0:0:0" Back="FFFF:FFFF:FFFF" PatternColor="0:0:0" Format="General">
            <gnm:Font Unit="10" Bold="0" Italic="0" Underline="0" StrikeThrough="0" Script="0">Sans</gnm:Font>
            <gnm:StyleBorder>
              <gnm:Top Style="1" Color="0:0:0"/>
              <gnm:Left Style="1" Color="0:0:0"/>
              <gnm:Right Style="1" Color="0:0:0"/>
            </gnm:StyleBorder>
          </gnm:Style>
        </gnm:StyleRegion>
        <gnm:StyleRegion startCol="1" startRow="8" endCol="1" endRow="8">
          <gnm:Style HAlign="GNM_HALIGN_GENERAL" VAlign="GNM_VALIGN_BOTTOM" WrapText="0" ShrinkToFit="0" Rotation="0" Shade="0" Indent="0" Locked="1" Hidden="0" Fore="0:0:0" Back="FFFF:FFFF:FFFF" PatternColor="0:0:0" Format="General">
            <gnm:Font Unit="10" Bold="0" Italic="0" Underline="0" StrikeThrough="0" Script="0">Sans</gnm:Font>
            <gnm:StyleBorder>
              <gnm:Top Style="1" Color="0:0:0"/>
              <gnm:Bottom Style="1" Color="0:0:0"/>
              <gnm:Left Style="1" Color="0:0:0"/>
              <gnm:Right Style="1" Color="0:0:0"/>
            </gnm:StyleBorder>
          </gnm:Style>
        </gnm:StyleRegion>
        <gnm:StyleRegion startCol="1" startRow="10" endCol="1" endRow="13">
          <gnm:Style HAlign="GNM_HALIGN_GENERAL" VAlign="GNM_VALIGN_BOTTOM" WrapText="0" ShrinkToFit="0" Rotation="0" Shade="0" Indent="0" Locked="1" Hidden="0" Fore="0:0:0" Back="FFFF:FFFF:FFFF" PatternColor="0:0:0" Format="General">
            <gnm:Font Unit="10" Bold="0" Italic="0" Underline="0" StrikeThrough="0" Script="0">Sans</gnm:Font>
            <gnm:StyleBorder>
              <gnm:Top Style="1" Color="0:0:0"/>
              <gnm:Left Style="1" Color="0:0:0"/>
              <gnm:Right Style="1" Color="0:0:0"/>
            </gnm:StyleBorder>
          </gnm:Style>
        </gnm:StyleRegion>
        <gnm:StyleRegion startCol="1" startRow="14" endCol="1" endRow="14">
          <gnm:Style HAlign="GNM_HALIGN_GENERAL" VAlign="GNM_VALIGN_BOTTOM" WrapText="0" ShrinkToFit="0" Rotation="0" Shade="0" Indent="0" Locked="1" Hidden="0" Fore="0:0:0" Back="FFFF:FFFF:FFFF" PatternColor="0:0:0" Format="General">
            <gnm:Font Unit="10" Bold="0" Italic="0" Underline="0" StrikeThrough="0" Script="0">Sans</gnm:Font>
            <gnm:StyleBorder>
              <gnm:Top Style="1" Color="0:0:0"/>
              <gnm:Bottom Style="1" Color="0:0:0"/>
              <gnm:Left Style="1" Color="0:0:0"/>
              <gnm:Right Style="1" Color="0:0:0"/>
            </gnm:StyleBorder>
          </gnm:Style>
        </gnm:StyleRegion>
        <gnm:StyleRegion startCol="1" startRow="16" endCol="1" endRow="17">
          <gnm:Style HAlign="GNM_HALIGN_GENERAL" VAlign="GNM_VALIGN_BOTTOM" WrapText="0" ShrinkToFit="0" Rotation="0" Shade="0" Indent="0" Locked="1" Hidden="0" Fore="0:0:0" Back="FFFF:FFFF:FFFF" PatternColor="0:0:0" Format="General">
            <gnm:Font Unit="10" Bold="0" Italic="0" Underline="0" StrikeThrough="0" Script="0">Sans</gnm:Font>
            <gnm:StyleBorder>
              <gnm:Top Style="1" Color="0:0:0"/>
              <gnm:Left Style="1" Color="0:0:0"/>
              <gnm:Right Style="1" Color="0:0:0"/>
            </gnm:StyleBorder>
          </gnm:Style>
        </gnm:StyleRegion>
        <gnm:StyleRegion startCol="1" startRow="18" endCol="1" endRow="18">
          <gnm:Style HAlign="GNM_HALIGN_GENERAL" VAlign="GNM_VALIGN_BOTTOM" WrapText="0" ShrinkToFit="0" Rotation="0" Shade="0" Indent="0" Locked="1" Hidden="0" Fore="0:0:0" Back="FFFF:FFFF:FFFF" PatternColor="0:0:0" Format="General">
            <gnm:Font Unit="10" Bold="0" Italic="0" Underline="0" StrikeThrough="0" Script="0">Sans</gnm:Font>
            <gnm:StyleBorder>
              <gnm:Top Style="1" Color="0:0:0"/>
              <gnm:Bottom Style="1" Color="0:0:0"/>
              <gnm:Left Style="1" Color="0:0:0"/>
              <gnm:Right Style="1" Color="0:0:0"/>
            </gnm:StyleBorder>
          </gnm:Style>
        </gnm:StyleRegion>
        <gnm:StyleRegion startCol="1" startRow="20" endCol="1" endRow="28">
          <gnm:Style HAlign="GNM_HALIGN_GENERAL" VAlign="GNM_VALIGN_BOTTOM" WrapText="0" ShrinkToFit="0" Rotation="0" Shade="0" Indent="0" Locked="1" Hidden="0" Fore="0:0:0" Back="FFFF:FFFF:FFFF" PatternColor="0:0:0" Format="General">
            <gnm:Font Unit="10" Bold="0" Italic="0" Underline="0" StrikeThrough="0" Script="0">Sans</gnm:Font>
            <gnm:StyleBorder>
              <gnm:Top Style="1" Color="0:0:0"/>
              <gnm:Left Style="1" Color="0:0:0"/>
              <gnm:Right Style="1" Color="0:0:0"/>
            </gnm:StyleBorder>
          </gnm:Style>
        </gnm:StyleRegion>
        <gnm:StyleRegion startCol="1" startRow="29" endCol="1" endRow="29">
          <gnm:Style HAlign="GNM_HALIGN_GENERAL" VAlign="GNM_VALIGN_BOTTOM" WrapText="0" ShrinkToFit="0" Rotation="0" Shade="0" Indent="0" Locked="1" Hidden="0" Fore="0:0:0" Back="FFFF:FFFF:FFFF" PatternColor="0:0:0" Format="General">
            <gnm:Font Unit="10" Bold="0" Italic="0" Underline="0" StrikeThrough="0" Script="0">Sans</gnm:Font>
            <gnm:StyleBorder>
              <gnm:Top Style="1" Color="0:0:0"/>
              <gnm:Bottom Style="1" Color="0:0:0"/>
              <gnm:Left Style="1" Color="0:0:0"/>
              <gnm:Right Style="1" Color="0:0:0"/>
            </gnm:StyleBorder>
          </gnm:Style>
        </gnm:StyleRegion>
        <gnm:StyleRegion startCol="2" startRow="0" endCol="255" endRow="3">
          <gnm:Style HAlign="GNM_HALIGN_GENERAL" VAlign="GNM_VALIGN_BOTTOM" WrapText="0" ShrinkToFit="0" Rotation="0" Shade="0" Indent="0" Locked="1" Hidden="0" Fore="0:0:0" Back="FFFF:FFFF:FFFF" PatternColor="0:0:0" Format="General">
            <gnm:Font Unit="10" Bold="0" Italic="0" Underline="0" StrikeThrough="0" Script="0">Sans</gnm:Font>
          </gnm:Style>
        </gnm:StyleRegion>
        <gnm:StyleRegion startCol="2" startRow="5" endCol="255" endRow="8">
          <gnm:Style HAlign="GNM_HALIGN_GENERAL" VAlign="GNM_VALIGN_BOTTOM" WrapText="0" ShrinkToFit="0" Rotation="0" Shade="0" Indent="0" Locked="1" Hidden="0" Fore="0:0:0" Back="FFFF:FFFF:FFFF" PatternColor="0:0:0" Format="General">
            <gnm:Font Unit="10" Bold="0" Italic="0" Underline="0" StrikeThrough="0" Script="0">Sans</gnm:Font>
          </gnm:Style>
        </gnm:StyleRegion>
        <gnm:StyleRegion startCol="2" startRow="10" endCol="255" endRow="14">
          <gnm:Style HAlign="GNM_HALIGN_GENERAL" VAlign="GNM_VALIGN_BOTTOM" WrapText="0" ShrinkToFit="0" Rotation="0" Shade="0" Indent="0" Locked="1" Hidden="0" Fore="0:0:0" Back="FFFF:FFFF:FFFF" PatternColor="0:0:0" Format="General">
            <gnm:Font Unit="10" Bold="0" Italic="0" Underline="0" StrikeThrough="0" Script="0">Sans</gnm:Font>
          </gnm:Style>
        </gnm:StyleRegion>
        <gnm:StyleRegion startCol="2" startRow="16" endCol="255" endRow="18">
          <gnm:Style HAlign="GNM_HALIGN_GENERAL" VAlign="GNM_VALIGN_BOTTOM" WrapText="0" ShrinkToFit="0" Rotation="0" Shade="0" Indent="0" Locked="1" Hidden="0" Fore="0:0:0" Back="FFFF:FFFF:FFFF" PatternColor="0:0:0" Format="General">
            <gnm:Font Unit="10" Bold="0" Italic="0" Underline="0" StrikeThrough="0" Script="0">Sans</gnm:Font>
          </gnm:Style>
        </gnm:StyleRegion>
        <gnm:StyleRegion startCol="2" startRow="20" endCol="255" endRow="29">
          <gnm:Style HAlign="GNM_HALIGN_GENERAL" VAlign="GNM_VALIGN_BOTTOM" WrapText="0" ShrinkToFit="0" Rotation="0" Shade="0" Indent="0" Locked="1" Hidden="0" Fore="0:0:0" Back="FFFF:FFFF:FFFF" PatternColor="0:0:0" Format="General">
            <gnm:Font Unit="10" Bold="0" Italic="0" Underline="0" StrikeThrough="0" Script="0">Sans</gnm:Font>
          </gnm:Style>
        </gnm:StyleRegion>
      </gnm:Styles>
      <gnm:Cols DefaultSizePts="48"/>
      <gnm:Rows DefaultSizePts="12.75">
        <gnm:RowInfo No="0" Unit="13.5" Count="27"/>
      </gnm:Rows>
      <gnm:Selections CursorCol="7" CursorRow="3">
        <gnm:Selection startCol="7" startRow="3" endCol="7" endRow="3"/>
      </gnm:Selections>
      <gnm:Cells>
        <gnm:Cell Row="0" Col="0" ValueType="60">id1</gnm:Cell>
        <gnm:Cell Row="0" Col="1" ValueType="60">id2</gnm:Cell>
        <gnm:Cell Row="1" Col="0" ValueType="40">1</gnm:Cell>
        <gnm:Cell Row="1" Col="1" ValueType="40">1</gnm:Cell>
        <gnm:Cell Row="2" Col="0" ValueType="40">3</gnm:Cell>
        <gnm:Cell Row="2" Col="1" ValueType="40">3</gnm:Cell>
        <gnm:Cell Row="3" Col="0" ValueType="40">4</gnm:Cell>
        <gnm:Cell Row="3" Col="1" ValueType="60">NULL</gnm:Cell>
        <gnm:Cell Row="5" Col="0" ValueType="60">id1</gnm:Cell>
        <gnm:Cell Row="5" Col="1" ValueType="60">id2</gnm:Cell>
        <gnm:Cell Row="6" Col="0" ValueType="40">1</gnm:Cell>
        <gnm:Cell Row="6" Col="1" ValueType="40">1</gnm:Cell>
        <gnm:Cell Row="7" Col="0" ValueType="60">NULL</gnm:Cell>
        <gnm:Cell Row="7" Col="1" ValueType="40">2</gnm:Cell>
        <gnm:Cell Row="8" Col="0" ValueType="40">3</gnm:Cell>
        <gnm:Cell Row="8" Col="1" ValueType="40">3</gnm:Cell>
        <gnm:Cell Row="10" Col="0" ValueType="60">id1 </gnm:Cell>
        <gnm:Cell Row="10" Col="1" ValueType="60">id2</gnm:Cell>
        <gnm:Cell Row="11" Col="0" ValueType="40">1</gnm:Cell>
        <gnm:Cell Row="11" Col="1" ValueType="40">1</gnm:Cell>
        <gnm:Cell Row="12" Col="0" ValueType="40">3</gnm:Cell>
        <gnm:Cell Row="12" Col="1" ValueType="40">3</gnm:Cell>
        <gnm:Cell Row="13" Col="0" ValueType="40">4</gnm:Cell>
        <gnm:Cell Row="13" Col="1" ValueType="60">NULL</gnm:Cell>
        <gnm:Cell Row="14" Col="0" ValueType="60">NULL</gnm:Cell>
        <gnm:Cell Row="14" Col="1" ValueType="40">2</gnm:Cell>
        <gnm:Cell Row="16" Col="0" ValueType="60">id1</gnm:Cell>
        <gnm:Cell Row="16" Col="1" ValueType="60">id2</gnm:Cell>
        <gnm:Cell Row="17" Col="0" ValueType="40">1</gnm:Cell>
        <gnm:Cell Row="17" Col="1" ValueType="40">1</gnm:Cell>
        <gnm:Cell Row="18" Col="0" ValueType="40">3</gnm:Cell>
        <gnm:Cell Row="18" Col="1" ValueType="40">3</gnm:Cell>
        <gnm:Cell Row="20" Col="0" ValueType="60">id1</gnm:Cell>
        <gnm:Cell Row="20" Col="1" ValueType="60">id2</gnm:Cell>
        <gnm:Cell Row="21" Col="0" ValueType="40">1</gnm:Cell>
        <gnm:Cell Row="21" Col="1" ValueType="40">1</gnm:Cell>
        <gnm:Cell Row="22" Col="0" ValueType="40">1</gnm:Cell>
        <gnm:Cell Row="22" Col="1" ValueType="40">2</gnm:Cell>
        <gnm:Cell Row="23" Col="0" ValueType="40">1</gnm:Cell>
        <gnm:Cell Row="23" Col="1" ValueType="40">3</gnm:Cell>
        <gnm:Cell Row="24" Col="0" ValueType="40">3</gnm:Cell>
        <gnm:Cell Row="24" Col="1" ValueType="40">1</gnm:Cell>
        <gnm:Cell Row="25" Col="0" ValueType="40">3</gnm:Cell>
        <gnm:Cell Row="25" Col="1" ValueType="40">2</gnm:Cell>
        <gnm:Cell Row="26" Col="0" ValueType="40">3</gnm:Cell>
        <gnm:Cell Row="26" Col="1" ValueType="40">3</gnm:Cell>
        <gnm:Cell Row="27" Col="0" ValueType="40">4</gnm:Cell>
        <gnm:Cell Row="27" Col="1" ValueType="40">1</gnm:Cell>
        <gnm:Cell Row="28" Col="0" ValueType="40">4</gnm:Cell>
        <gnm:Cell Row="28" Col="1" ValueType="40">2</gnm:Cell>
        <gnm:Cell Row="29" Col="0" ValueType="40">4</gnm:Cell>
        <gnm:Cell Row="29" Col="1" ValueType="40">3</gnm:Cell>
      </gnm:Cells>
      <gnm:SheetLayout TopLeft="A15"/>
      <gnm:Solver ModelType="0" ProblemType="0" MaxTime="60" MaxIter="1000" NonNeg="1" Discr="0" AutoScale="0" ProgramR="0"/>
    </gnm:Sheet>
    <gnm:Sheet DisplayFormulas="0" HideZero="0" HideGrid="0" HideColHeader="0" HideRowHeader="0" DisplayOutlines="1" OutlineSymbolsBelow="1" OutlineSymbolsRight="1" Visibility="GNM_SHEET_VISIBILITY_VISIBLE" GridColor="0:0:0">
      <gnm:Name>Sheet2</gnm:Name>
      <gnm:MaxCol>-1</gnm:MaxCol>
      <gnm:MaxRow>-1</gnm:MaxRow>
      <gnm:Zoom>1</gnm:Zoom>
      <gnm:Names>
        <gnm:Name>
          <gnm:name>Print_Area</gnm:name>
          <gnm:value>#REF!</gnm:value>
          <gnm:position>A1</gnm:position>
        </gnm:Name>
        <gnm:Name>
          <gnm:name>Sheet_Title</gnm:name>
          <gnm:value>&quot;Sheet2&quot;</gnm:value>
          <gnm:position>A1</gnm:position>
        </gnm:Name>
      </gnm:Names>
      <gnm:PrintInformation>
        <gnm:Margins>
          <gnm:top Points="120" PrefUnit="mm"/>
          <gnm:bottom Points="120" PrefUnit="mm"/>
          <gnm:left Points="72" PrefUnit="mm"/>
          <gnm:right Points="72" PrefUnit="mm"/>
          <gnm:header Points="72" PrefUnit="mm"/>
          <gnm:footer Points="72" PrefUnit="mm"/>
        </gnm:Margins>
        <gnm:Scale type="percentage" percentage="100"/>
        <gnm:vcenter value="0"/>
        <gnm:hcenter value="0"/>
        <gnm:grid value="0"/>
        <gnm:even_if_only_styles value="0"/>
        <gnm:monochrome value="0"/>
        <gnm:draft value="0"/>
        <gnm:titles value="0"/>
        <gnm:do_not_print value="0"/>
        <gnm:print_range value="GNM_PRINT_ACTIVE_SHEET"/>
        <gnm:order>d_then_r</gnm:order>
        <gnm:orientation>portrait</gnm:orientation>
        <gnm:Header Left="" Middle="&amp;[TAB]" Right=""/>
        <gnm:Footer Left="" Middle="Page &amp;[PAGE]" Right=""/>
        <gnm:paper>iso_a4</gnm:paper>
        <gnm:comments placement="GNM_PRINT_COMMENTS_IN_PLACE"/>
        <gnm:errors PrintErrorsAs="GNM_PRINT_ERRORS_AS_DISPLAYED"/>
      </gnm:PrintInformation>
      <gnm:Styles>
        <gnm:StyleRegion startCol="0" startRow="0" endCol="255" endRow="65535">
          <gnm:Style HAlign="GNM_HALIGN_GENERAL" VAlign="GNM_VALIGN_BOTTOM" WrapText="0" ShrinkToFit="0" Rotation="0" Shade="0" Indent="0" Locked="1" Hidden="0" Fore="0:0:0" Back="FFFF:FFFF:FFFF" PatternColor="0:0:0" Format="General">
            <gnm:Font Unit="10" Bold="0" Italic="0" Underline="0" StrikeThrough="0" Script="0">Sans</gnm:Font>
          </gnm:Style>
        </gnm:StyleRegion>
      </gnm:Styles>
      <gnm:Cols DefaultSizePts="48"/>
      <gnm:Rows DefaultSizePts="12.75"/>
      <gnm:Selections CursorCol="0" CursorRow="0">
        <gnm:Selection startCol="0" startRow="0" endCol="0" endRow="0"/>
      </gnm:Selections>
      <gnm:Cells/>
      <gnm:SheetLayout TopLeft="A1"/>
      <gnm:Solver ModelType="0" ProblemType="0" MaxTime="60" MaxIter="1000" NonNeg="1" Discr="0" AutoScale="0" ProgramR="0"/>
    </gnm:Sheet>
    <gnm:Sheet DisplayFormulas="0" HideZero="0" HideGrid="0" HideColHeader="0" HideRowHeader="0" DisplayOutlines="1" OutlineSymbolsBelow="1" OutlineSymbolsRight="1" Visibility="GNM_SHEET_VISIBILITY_VISIBLE" GridColor="0:0:0">
      <gnm:Name>Sheet3</gnm:Name>
      <gnm:MaxCol>-1</gnm:MaxCol>
      <gnm:MaxRow>-1</gnm:MaxRow>
      <gnm:Zoom>1</gnm:Zoom>
      <gnm:Names>
        <gnm:Name>
          <gnm:name>Print_Area</gnm:name>
          <gnm:value>#REF!</gnm:value>
          <gnm:position>A1</gnm:position>
        </gnm:Name>
        <gnm:Name>
          <gnm:name>Sheet_Title</gnm:name>
          <gnm:value>&quot;Sheet3&quot;</gnm:value>
          <gnm:position>A1</gnm:position>
        </gnm:Name>
      </gnm:Names>
      <gnm:PrintInformation>
        <gnm:Margins>
          <gnm:top Points="120" PrefUnit="mm"/>
          <gnm:bottom Points="120" PrefUnit="mm"/>
          <gnm:left Points="72" PrefUnit="mm"/>
          <gnm:right Points="72" PrefUnit="mm"/>
          <gnm:header Points="72" PrefUnit="mm"/>
          <gnm:footer Points="72" PrefUnit="mm"/>
        </gnm:Margins>
        <gnm:Scale type="percentage" percentage="100"/>
        <gnm:vcenter value="0"/>
        <gnm:hcenter value="0"/>
        <gnm:grid value="0"/>
        <gnm:even_if_only_styles value="0"/>
        <gnm:monochrome value="0"/>
        <gnm:draft value="0"/>
        <gnm:titles value="0"/>
        <gnm:do_not_print value="0"/>
        <gnm:print_range value="GNM_PRINT_ACTIVE_SHEET"/>
        <gnm:order>d_then_r</gnm:order>
        <gnm:orientation>portrait</gnm:orientation>
        <gnm:Header Left="" Middle="&amp;[TAB]" Right=""/>
        <gnm:Footer Left="" Middle="Page &amp;[PAGE]" Right=""/>
        <gnm:paper>iso_a4</gnm:paper>
        <gnm:comments placement="GNM_PRINT_COMMENTS_IN_PLACE"/>
        <gnm:errors PrintErrorsAs="GNM_PRINT_ERRORS_AS_DISPLAYED"/>
      </gnm:PrintInformation>
      <gnm:Styles>
        <gnm:StyleRegion startCol="0" startRow="0" endCol="255" endRow="65535">
          <gnm:Style HAlign="GNM_HALIGN_GENERAL" VAlign="GNM_VALIGN_BOTTOM" WrapText="0" ShrinkToFit="0" Rotation="0" Shade="0" Indent="0" Locked="1" Hidden="0" Fore="0:0:0" Back="FFFF:FFFF:FFFF" PatternColor="0:0:0" Format="General">
            <gnm:Font Unit="10" Bold="0" Italic="0" Underline="0" StrikeThrough="0" Script="0">Sans</gnm:Font>
          </gnm:Style>
        </gnm:StyleRegion>
      </gnm:Styles>
      <gnm:Cols DefaultSizePts="48"/>
      <gnm:Rows DefaultSizePts="12.75"/>
      <gnm:Selections CursorCol="0" CursorRow="0">
        <gnm:Selection startCol="0" startRow="0" endCol="0" endRow="0"/>
      </gnm:Selections>
      <gnm:Cells/>
      <gnm:SheetLayout TopLeft="A1"/>
      <gnm:Solver ModelType="0" ProblemType="0" MaxTime="60" MaxIter="1000" NonNeg="1" Discr="0" AutoScale="0" ProgramR="0"/>
    </gnm:Sheet>
  </gnm:Sheets>
  <gnm:UIData SelectedTab="0"/>
</gnm:Workbook>
